"MEDIA_ID","MEDIA_NAME","CNT","TIME(2023/01/26 17:04:02.089)","TIMETICK(f=10000000)","FPOGX","FPOGY","FPOGS","FPOGD","FPOGID","FPOGV","BPOGX","BPOGY","BPOGV","CX","CY","CS","KB","KBS","USER","LPCX","LPCY","LPD","LPS","LPV","RPCX","RPCY","RPD","RPS","RPV","BKID","BKDUR","BKPMIN","LPMM","LPMMV","RPMM","RPMMV","DIAL","DIALV","GSR","GSRV","HR","HRV","HRP","IBI","TTL0","TTL1","TTL2","TTL3","TTL4","TTL5","TTL6","TTLV","PIXS","PIXV","AOI","SACCADE_MAG","SACCADE_DIR","VID_FRAME","","SACCADE_VEL","SACCADE_PV","SACCADE_AMPL"
"0","Cessna 172 X-plane 12","25977","341.93866","19996745439364","0.56453","0.89366","341.56244","0.37622","608","1","0.59263","0.70293","1","0.96094","0.39537","0"," ","0","","0.48750","0.48859","26.50347","0.89617","1","0.74114","0.49390","26.04464","0.89617","1","0","0.00000","24","5.37405","1","5.15411","1","0.00000","0","0","0","0","0","0","0.000","1","1","1","1","1","1","1","0","0.00000","0","Vertical Speed","313.06012","295.63409","0","","703.8236596514139","244.23286215821219","7.26214773347966"
"0","Cessna 172 X-plane 12","26012","342.34613","19996749514224","0.60698","0.69250","341.98883","0.35730","609","1","0.59699","0.73651","1","0.96094","0.39537","0"," ","0","","0.47944","0.48802","26.94138","0.90312","1","0.73383","0.49156","26.66698","0.89628","1","0","0.00000","23","5.39671","1","5.27835","1","0.00000","0","0","0","0","0","0","0.000","1","1","1","1","1","1","1","0","0.00000","0","MSL Altitude","232.03812","69.43604","0","","170.40773553881715","262.4621267472336","5.395660370020821"
"0","Cessna 172 X-plane 12","26066","343.19928","19996758045951","0.48777","0.60291","342.82184","0.37744","610","1","0.47849","0.44168","1","0.96094","0.39537","0"," ","0","","0.46652","0.48684","26.46551","0.93069","1","0.71959","0.48872","23.54726","0.93753","1","0","0.00000","24","5.22001","1","5.35808","1","0.00000","0","0","0","0","0","0","0.000","1","1","1","1","1","1","1","0","0.00000","0","Horizontal Altitude","248.49448","157.08444","0","","184.12288577624724","588.3068791512882","5.775823254573276"
