"MEDIA_ID","MEDIA_NAME","CNT","TIME(2023/01/26 17:04:02.089)","TIMETICK(f=10000000)","FPOGX","FPOGY","FPOGS","FPOGD","FPOGID","FPOGV","BPOGX","BPOGY","BPOGV","CX","CY","CS","KB","KBS","USER","LPCX","LPCY","LPD","LPS","LPV","RPCX","RPCY","RPD","RPS","RPV","BKID","BKDUR","BKPMIN","LPMM","LPMMV","RPMM","RPMMV","DIAL","DIALV","GSR","GSRV","HR","HRV","HRP","IBI","TTL0","TTL1","TTL2","TTL3","TTL4","TTL5","TTL6","TTLV","PIXS","PIXV","AOI","SACCADE_MAG","SACCADE_DIR","VID_FRAME","","SACCADE_VEL","SACCADE_PV","SACCADE_AMPL"
"0","Cessna 172 X-plane 12","22334","290.44464","19996230498844","0.48403","0.82079","290.02777","0.41687","512","1","0.48608","0.67936","1","0.96771","0.36481","0"," ","0","","0.49120","0.50682","23.65554","0.94540","1","0.73921","0.53517","22.86914","0.94540","1","0","0.00000","21","4.83101","1","4.63577","1","0.00000","0","0","0","0","0","0","0.000","1","1","1","1","1","1","1","0","0.00000","0","Heading","78.07659","269.46460","0","","628.547502974087","302.64977714009103","1.8203145533441845"
"0","Cessna 172 X-plane 12","22368","290.78693","19996233921958","0.49095","0.65113","290.48566","0.30127","513","1","0.41151","0.71215","1","0.96771","0.36481","0"," ","0","","0.47903","0.50791","23.43681","0.93753","1","0.72708","0.53467","22.08117","0.93753","1","0","0.00000","20","4.77103","1","4.63817","1","0.00000","0","0","0","0","0","0","0.000","1","1","1","1","1","1","1","0","0.00000","0","Horizontal Altitude","183.71385","85.85271","0","","250.81863332262753","335.90027191824726","4.276673147394307"
"0","Cessna 172 X-plane 12","22397","291.09711","19996237023596","0.42945","0.67331","290.79352","0.30359","514","1","0.48717","0.59472","1","0.96771","0.36481","0"," ","0","","0.47880","0.50610","23.39252","0.96904","1","0.72717","0.53219","23.26456","0.96904","1","0","0.00000","20","4.86328","1","4.65855","1","0.00000","0","0","0","0","0","0","0.000","1","1","1","1","1","1","1","0","0.00000","0","Airspeed","120.48522","191.46774","0","","617.2794506415578","199.00967457578994","2.807745217081755"
