"MEDIA_ID","MEDIA_NAME","CNT","TIME(2023/01/26 17:04:02.089)","TIMETICK(f=10000000)","FPOGX","FPOGY","FPOGS","FPOGD","FPOGID","FPOGV","BPOGX","BPOGY","BPOGV","CX","CY","CS","KB","KBS","USER","LPCX","LPCY","LPD","LPS","LPV","RPCX","RPCY","RPD","RPS","RPV","BKID","BKDUR","BKPMIN","LPMM","LPMMV","RPMM","RPMMV","DIAL","DIALV","GSR","GSRV","HR","HRV","HRP","IBI","TTL0","TTL1","TTL2","TTL3","TTL4","TTL5","TTL6","TTLV","PIXS","PIXV","AOI","SACCADE_MAG","SACCADE_DIR","VID_FRAME","","SACCADE_VEL","SACCADE_PV","SACCADE_AMPL"
"0","Cessna 172 X-plane 12","13242","171.50714","19995041124223","0.47914","0.63325","170.86505","0.64209","317","1","0.38438","0.70122","1","0.96771","0.36481","0"," ","0","","0.47151","0.45053","26.46074","0.93752","1","0.72267","0.47655","25.84494","0.93752","1","0","0.00000","17","5.30401","1","5.27708","1","0.00000","0","0","0","0","0","0","0.000","1","1","1","1","1","1","1","0","0.00000","0","Horizontal Altitude","213.42137","94.32355","0","","140.77301355142973","407.9581717255022","4.965016308497141"
"0","Cessna 172 X-plane 12","13272","171.87421","19995044795343","0.40196","0.70989","171.52679","0.34741","318","1","0.41532","0.76603","1","0.96771","0.36481","0"," ","0","","0.46396","0.45286","25.97318","0.93752","1","0.71520","0.47507","25.31515","0.93752","1","0","0.00000","16","5.26975","1","5.15538","1","0.00000","0","0","0","0","0","0","0.000","1","1","1","1","1","1","1","0","0.00000","0","Airspeed","169.73529","209.18617","0","","569.8808674094666","106.95935448488727","3.952339902364313"
"0","Cessna 172 X-plane 12","13344","172.67413","19995052794068","0.48226","0.82993","171.91962","0.75452","319","1","0.48245","0.79233","1","0.96771","0.36481","0"," ","0","","0.46422","0.45319","25.27687","0.93752","1","0.71582","0.47516","25.45012","0.93752","1","0","0.00000","16","5.24414","1","5.18224","1","0.00000","0","0","0","0","0","0","0.000","1","1","1","1","1","1","1","0","0.00000","0","Heading","201.43883","319.94028","0","","399.96534653466045","252.55708693501936","4.687534433389379"
